{
  "loss": [
    1.528759241104126,
    0.89327073097229,
    0.8056364059448242,
    0.5786305665969849,
    0.3668864071369171,
    0.34613358974456787
  ],
  "accuracy": [
    0.5602836608886719,
    0.6832151412963867,
    0.7068557739257812,
    0.7848699688911438,
    0.8794326186180115,
    0.8723404407501221
  ],
  "val_loss": [
    1.70970618724823,
    2.149573802947998,
    2.46353816986084,
    3.5073256492614746,
    1.9397395849227905,
    2.272158145904541
  ],
  "val_accuracy": [
    0.28409090638160706,
    0.34090909361839294,
    0.34090909361839294,
    0.34090909361839294,
    0.3181818127632141,
    0.34090909361839294
  ],
  "lr": [
    