{
  "loss": [
    1.0805234909057617
  ],
  "accuracy": [
    0.5579196214675903
  ],
  "val_loss": [
    0.5195313692092896
  ],
  "val_accuracy": [
    0.8409090638160706
  ],
  "lr": [
    0.0010000000474974513
  ]
}