{
  "loss": [
    1.032187581062317,
    0.3934665024280548,
    0.2430429458618164,
    0.20991815626621246,
    0.17382952570915222,
    0.15484485030174255,
    0.12001290917396545,
    0.12340845167636871,
    0.1122749075293541,
    0.08626453578472137
  ],
  "accuracy": [
    0.5862883925437927,
    0.8156028389930725,
    0.8817967176437378,
    0.9054373502731323,
    0.9172576665878296,
    0.9219858050346375,
    0.9479905366897583,
    0.9314420819282532,
    0.936170220375061,
    0.9739952683448792
  ],
  "val_loss": [
    0.6174553632736206,
    0.42026177048683167,
    0.38613253831863403,
    0.32922086119651794,
    0.336183100938797,
    0.3179794251918793,
    0.3208598792552948,
    0.25648653507232666,
    0.30706068873405457,
    0.3109283745288849
  ],
  "val_accuracy": [
    0.7840909361839294,
    0.9204545617103577,
    0.9090909361839294,
    0.9204545617103577,
    0.8977272510528564,
    0.9090909361839294,
    0.8977272510528564,
    0.9318181872367859,
    0.8863636255264282,
    0.8863636255264282
  ],
  "lr": [
    0.0010000000474974513,
    0.0010000000474974513,
    0.0010000000474974513,
    0.0010000000474974513,
    0.0010000000474974513,
    0.0010000000474974513,
    0.0010000000474974513,
    0.0010000000474974513,
    0.0010000000474974513,
    0.0010000000474974513
  ]
}